appid,name,developer,publisher,score_rank,positive,negative,userscore,owners,average_forever,average_2weeks,median_forever,median_2weeks,price,initialprice,discount,languages,genre,ccu,tags
10,Counter-Strike,Valve,Valve,,230243,6010,0,"10,000,000 .. 20,000,000",8663,169,154,95,999,999,0,"English, French, German, Italian, Spanish - Spain, Simplified Chinese, Traditional Chinese, Korean",Action,13122,"{'Action': 5470, 'FPS': 4896, 'Multiplayer': 3442, 'Shooter': 3392, 'Classic': 2819, 'Team-Based': 1896, 'First-Person': 1736, 'Competitive': 1631, 'Tactical': 1370, ""1990's"": 1230, 'e-sports': 1215, 'PvP': 907, 'Old School': 806, 'Military': 646, 'Strategy': 630, 'Survival': 312, 'Score Attack': 296, '1980s': 276, 'Assassin': 237, 'Nostalgia': 179}"
20,Team Fortress Classic,Valve,Valve,,7032,1065,0,"5,000,000 .. 10,000,000",68,0,20,0,499,499,0,"English, French, German, Italian, Spanish - Spain, Korean, Russian, Simplified Chinese, Traditional Chinese",Action,68,"{'Action': 763, 'FPS': 327, 'Multiplayer': 277, 'Classic': 252, 'Hero Shooter': 223, 'Shooter': 221, 'Team-Based': 201, 'Class-Based': 195, 'First-Person': 186, ""1990's"": 157, 'Old School': 121, 'Co-op': 98, 'Competitive': 82, 'Fast-Paced': 72, 'Retro': 68, 'Online Co-Op': 60, 'Violent': 55, 'Funny': 39, 'Mod': 39, 'Remake': 38}"
30,Day of Defeat,Valve,Valve,,6062,667,0,"5,000,000 .. 10,000,000",619,0,29,0,499,499,0,"English, French, German, Italian, Spanish - Spain",Action,90,"{'FPS': 798, 'World War II': 269, 'Multiplayer': 212, 'Shooter': 193, 'Action': 164, 'War': 158, 'Team-Based': 137, 'Classic': 129, 'First-Person': 108, 'Class-Based': 83, 'Military': 71, 'Historical': 62, 'Tactical': 45, 'Singleplayer': 43, 'Co-op': 36, 'Retro': 22, 'Old School': 21, 'Difficult': 21, 'Strategy': 15, 'World War I': 12}"
40,Deathmatch Classic,Valve,Valve,,2423,514,0,"5,000,000 .. 10,000,000",15,0,13,0,499,499,0,"English, French, German, Italian, Spanish - Spain, Korean, Russian, Simplified Chinese, Traditional Chinese",Action,3,"{'Action': 635, 'FPS': 150, 'Classic': 115, 'Multiplayer': 106, 'Shooter': 100, 'First-Person': 80, 'Arena Shooter': 56, 'Old School': 43, 'Sci-fi': 36, 'Competitive': 29, 'Fast-Paced': 23, 'Retro': 20, 'Gore': 20, 'Co-op': 15, 'Difficult': 14, ""1990's"": 14, 'Singleplayer': 6}"
50,Half-Life: Opposing Force,Gearbox Software,Valve,,20819,1061,0,"2,000,000 .. 5,000,000",215,0,94,0,499,499,0,"English, French, German, Korean",Action,103,"{'FPS': 915, 'Action': 349, 'Classic': 280, 'Sci-fi': 274, 'Singleplayer': 253, 'Shooter': 242, 'First-Person': 213, 'Aliens': 202, ""1990's"": 157, 'Adventure': 135, 'Atmospheric': 123, 'Military': 122, 'Story Rich': 95, 'Silent Protagonist': 89, 'Great Soundtrack': 72, 'Gore': 56, 'Puzzle': 55, 'Moddable': 43, 'Co-op': 42, 'Retro': 37}"
60,Ricochet,Valve,Valve,,4617,993,0,"5,000,000 .. 10,000,000",7,0,2,0,499,499,0,"English, French, German, Italian, Spanish - Spain, Korean, Russian, Simplified Chinese, Traditional Chinese",Action,6,"{'Action': 590, 'FPS': 133, 'Multiplayer': 116, 'Classic': 95, 'First-Person': 85, 'Sci-fi': 59, 'Shooter': 57, 'Space': 46, 'Cyberpunk': 38, 'Psychological Horror': 32, 'Memes': 31, 'Platformer': 31, 'Retro': 29, '3D': 29, 'Conspiracy': 29, 'Old School': 27, 'Cult Classic': 25, 'Competitive': 22, 'Sports': 11, 'Great Soundtrack': 10}"
70,Half-Life,Valve,Valve,,121126,4283,0,"10,000,000 .. 20,000,000",364,42,123,42,999,999,0,"English, French, German, Italian, Spanish - Spain, Simplified Chinese, Traditional Chinese, Korean",Action,970,"{'FPS': 2408, 'Classic': 1908, ""1990's"": 1899, 'Singleplayer': 1896, 'Sci-fi': 1896, 'Multiplayer': 1895, 'Shooter': 1871, 'Action': 1868, 'First-Person': 1866, 'Aliens': 1852, 'Story Rich': 1848, 'Silent Protagonist': 1844, 'Atmospheric': 1836, 'Moddable': 1808, 'Adventure': 1799, 'Gore': 1797, 'Retro': 1794, 'Action-Adventure': 1787, 'Difficult': 1769, 'PvP': 1745}"
80,Counter-Strike: Condition Zero,Valve,Valve,,22612,2149,0,"5,000,000 .. 10,000,000",426,0,33,0,999,999,0,"English, French, German, Italian, Spanish - Spain, Simplified Chinese, Traditional Chinese, Korean",Action,410,"{'Action': 1376, 'FPS': 1039, 'Shooter': 767, 'Multiplayer': 631, 'First-Person': 476, 'Singleplayer': 418, 'Classic': 402, 'Tactical': 381, 'Team-Based': 324, 'Competitive': 310, 'Military': 186, 'Online Co-Op': 180, 'Strategy': 176, 'Adventure': 87, 'Survival': 66, 'Atmospheric': 65, 'Old School': 57, 'Open World': 39, 'Dark': 38, 'Simulation': 35}"
100,Counter-Strike: Condition Zero,Valve,Valve,,13442,1535,0,"10,000,000 .. 20,000,000",143,1,36,1,999,999,0,"English, French, German, Italian, Spanish - Spain, Simplified Chinese, Traditional Chinese, Korean",Action,51,"{'Action': 1339, 'FPS': 979, 'Shooter': 723, 'Multiplayer': 582, 'First-Person': 435, 'Classic': 379, 'Singleplayer': 360, 'Tactical': 355, 'Team-Based': 303, 'Competitive': 288, 'Strategy': 173, 'Online Co-Op': 162, 'Military': 151, 'Masterpiece': 87, 'Adventure': 83, 'Survival': 73, 'Atmospheric': 56, 'Open World': 51, 'Simulation': 38, 'Dark': 38}"
130,Half-Life: Blue Shift,Gearbox Software,Valve,,14752,1275,0,"5,000,000 .. 10,000,000",273,0,76,0,499,499,0,"English, French, German",Action,35,"{'FPS': 484, 'Action': 304, 'Sci-fi': 234, 'Singleplayer': 213, 'Shooter': 190, 'Aliens': 174, 'Classic': 162, 'First-Person': 157, 'Zombies': 110, 'Adventure': 103, ""1990's"": 93, 'Short': 91, 'Atmospheric': 85, 'Silent Protagonist': 66, 'Story Rich': 59, 'Puzzle': 36, 'Moddable': 34, 'Great Soundtrack': 32, 'Retro': 32, 'Old School': 23}"
220,Half-Life 2,Valve,Valve,,186154,4540,0,"5,000,000 .. 10,000,000",654,128,278,128,999,999,0,"English, French, German, Italian, Korean, Spanish - Spain, Russian, Simplified Chinese, Traditional Chinese, Dutch, Danish, Finnish, Japanese, Norwegian, Polish, Portuguese - Portugal, Swedish, Thai",Action,988,"{'FPS': 4092, 'Action': 2925, 'Sci-fi': 2572, 'Classic': 2346, 'Singleplayer': 2293, 'Story Rich': 1995, 'Shooter': 1797, 'First-Person': 1680, 'Adventure': 1432, 'Dystopian ': 1289, 'Atmospheric': 1186, 'Zombies': 1100, 'Silent Protagonist': 1098, 'Physics': 1057, 'Aliens': 1019, 'Great Soundtrack': 1007, 'Horror': 885, 'Puzzle': 791, 'Multiplayer': 780, 'Moddable': 580}"
240,Counter-Strike: Source,Valve,Valve,,163149,6282,0,"10,000,000 .. 20,000,000",6257,115,336,31,999,999,0,"English, French, German, Italian, Japanese, Korean, Spanish - Spain, Russian, Simplified Chinese, Traditional Chinese, Thai, Turkish",Action,10830,"{'Shooter': 5313, 'FPS': 3187, 'Action': 3173, 'Multiplayer': 2545, 'Team-Based': 1705, 'First-Person': 1509, 'Competitive': 1363, 'Tactical': 1354, 'PvP': 1039, 'e-sports': 979, 'Military': 775, 'War': 655, 'Strategy': 527, 'Moddable': 511, 'Singleplayer': 411, 'Difficult': 397, 'Atmospheric': 308, 'Survival': 286, 'Simulation': 248, 'Sandbox': 211}"
280,Half-Life: Source,Valve,Valve,,10496,4519,0,"2,000,000 .. 5,000,000",179,0,53,0,999,999,0,"English, French, German, Italian, Japanese, Spanish - Spain, Russian, Simplified Chinese, Traditional Chinese, Thai, Korean",Action,34,"{'FPS': 397, 'Action': 295, 'Classic': 238, 'Sci-fi': 217, 'Singleplayer': 210, 'First-Person': 187, 'Shooter': 183, 'Aliens': 157, ""1990's"": 130, 'Zombies': 127, 'Story Rich': 119, 'Adventure': 102, 'Remake': 95, 'Atmospheric': 90, 'Multiplayer': 67, 'Silent Protagonist': 67, 'Horror': 62, 'Great Soundtrack': 52, 'Moddable': 48, 'Gore': 25}"
300,Day of Defeat: Source,Valve,Valve,,19696,1804,0,"5,000,000 .. 10,000,000",1031,0,171,0,999,999,0,English,Action,388,"{'FPS': 648, 'World War II': 511, 'Multiplayer': 360, 'Action': 330, 'Shooter': 306, 'Military': 248, 'Team-Based': 244, 'War': 241, 'First-Person': 188, 'Historical': 157, 'Class-Based': 149, 'Classic': 139, 'Tactical': 122, 'Realistic': 101, 'Online Co-Op': 71, 'Gore': 49, 'Strategy': 48, 'Massively Multiplayer': 36, 'Simulation': 31, 'Comedy': 20}"
320,Half-Life 2: Deathmatch,Valve,Valve,,11529,1180,0,"10,000,000 .. 20,000,000",362,0,56,0,499,499,0,English,Action,189,"{'Action': 878, 'FPS': 492, 'Multiplayer': 421, 'Shooter': 270, 'First-Person': 253, 'Sci-fi': 191, 'Physics': 189, 'Competitive': 151, 'Funny': 112, 'Co-op': 100, 'Old School': 95, 'PvP': 77, 'Arena Shooter': 60, 'Moddable': 48, 'Atmospheric': 46, 'Adventure': 34, 'Great Soundtrack': 26, 'Singleplayer': 22, 'Online Co-Op': 15, 'Mod': 15}"
340,Half-Life 2: Lost Coast,Valve,Valve,,11582,1415,0,"20,000,000 .. 50,000,000",25,0,18,0,0,0,0,"English, French, German, Italian, Spanish - Spain, Russian, Simplified Chinese, Traditional Chinese, Korean",Action,17,"{'FPS': 1032, 'Action': 365, 'Singleplayer': 315, 'First-Person': 256, 'Sci-fi': 251, 'Shooter': 227, 'Short': 223, 'Aliens': 124, 'Dystopian ': 115, 'Classic': 113, 'Adventure': 109, 'Benchmark': 98, 'Atmospheric': 97, 'Futuristic': 92, 'Silent Protagonist': 88, 'Free to Play': 63, 'Multiplayer': 44, 'Post-apocalyptic': 44, 'Story Rich': 43, 'Great Soundtrack': 38}"
360,Half-Life Deathmatch: Source,Valve,Valve,,3005,1045,0,"5,000,000 .. 10,000,000",23,0,8,0,999,999,0,English,Action,11,"{'Action': 248, 'FPS': 165, 'Multiplayer': 129, 'Shooter': 99, 'Sci-fi': 88, 'First-Person': 79, 'Classic': 74, 'Remake': 27, 'Adventure': 17, 'Fast-Paced': 15, 'Competitive': 15, 'Horror': 11, 'Atmospheric': 10, 'Singleplayer': 10, 'Gore': 6}"
380,Half-Life 2: Episode One,Valve,Valve,,28256,1266,0,"2,000,000 .. 5,000,000",231,0,188,0,799,799,0,"English, French, German, Italian, Korean, Spanish - Spain, Russian, Simplified Chinese, Traditional Chinese, Dutch, Danish, Finnish, Japanese, Norwegian, Polish, Portuguese - Portugal, Swedish, Thai",Action,135,"{'FPS': 749, 'Action': 538, 'Sci-fi': 471, 'Singleplayer': 413, 'Story Rich': 323, 'First-Person': 323, 'Shooter': 310, 'Classic': 289, 'Dystopian ': 249, 'Aliens': 236, 'Adventure': 234, 'Zombies': 234, 'Episodic': 177, 'Atmospheric': 174, 'Silent Protagonist': 170, 'Great Soundtrack': 168, 'Short': 153, 'Puzzle': 121, 'Cinematic': 103, 'Moddable': 78}"
400,Portal,Valve,Valve,,153201,2347,0,"10,000,000 .. 20,000,000",258,28,159,28,999,999,0,"English, French, German, Russian, Danish, Dutch, Finnish, Italian, Japanese, Norwegian, Polish, Portuguese - Portugal, Simplified Chinese, Spanish - Spain, Swedish, Traditional Chinese, Korean, Bulgarian, Czech, Greek, Hungarian, Portuguese - Brazil, Romanian, Spanish - Latin America, Thai, Turkish, Ukrainian",Action,471,"{'Puzzle': 4180, 'Puzzle-Platformer': 3150, 'First-Person': 2512, '3D Platformer': 2453, 'Singleplayer': 2153, 'Sci-fi': 1986, 'Comedy': 1617, 'Female Protagonist': 1544, 'Physics': 1103, 'Funny': 1088, 'Action': 1056, 'Classic': 890, 'Story Rich': 884, 'Platformer': 837, 'Science': 812, 'Atmospheric': 709, 'Dark Humor': 692, 'FPS': 672, 'Short': 668, 'Adventure': 648}"
420,Half-Life 2: Episode Two,Valve,Valve,,38118,1152,0,"5,000,000 .. 10,000,000",389,0,309,0,799,799,0,"English, French, German, Russian, Danish, Dutch, Finnish, Italian, Japanese, Korean, Norwegian, Polish, Portuguese - Portugal, Simplified Chinese, Spanish - Spain, Swedish, Traditional Chinese",Action,207,"{'FPS': 932, 'Action': 688, 'Sci-fi': 579, 'Singleplayer': 518, 'Shooter': 455, 'Story Rich': 408, 'First-Person': 403, 'Classic': 370, 'Adventure': 325, 'Aliens': 307, 'Atmospheric': 275, 'Zombies': 270, 'Silent Protagonist': 264, 'Great Soundtrack': 229, 'Dystopian ': 228, 'Post-apocalyptic': 206, 'Episodic': 169, 'Puzzle': 163, 'Horror': 145, 'Multiplayer': 101}"
440,Team Fortress 2,Valve,Valve,,976788,64364,0,"50,000,000 .. 100,000,000",10797,605,367,277,0,0,0,"English, Danish, Dutch, Finnish, French, German, Italian, Japanese, Norwegian, Polish, Portuguese - Portugal, Russian, Simplified Chinese, Spanish - Spain, Swedish, Traditional Chinese, Korean, Czech, Hungarian, Portuguese - Brazil, Turkish, Greek, Bulgarian, Romanian, Thai, Ukrainian","Action, Free to Play",71871,"{'Free to Play': 62474, 'Hero Shooter': 60899, 'Multiplayer': 22555, 'FPS': 15456, 'Shooter': 12548, 'Action': 11945, 'Class-Based': 9641, 'Team-Based': 9260, 'Funny': 9191, 'First-Person': 7781, 'Online Co-Op': 7215, 'Competitive': 7002, 'Cartoony': 6984, 'Trading': 6728, 'Co-op': 5726, 'Comedy': 5253, 'Robots': 4621, 'Tactical': 3930, 'Cartoon': 3869, 'Crafting': 3632}"
500,Left 4 Dead,Valve,Valve,,53192,2035,0,"5,000,000 .. 10,000,000",858,34,171,34,999,999,0,"English, French, German, Spanish - Spain, Russian, Danish, Dutch, Finnish, Italian, Japanese, Norwegian, Polish, Portuguese - Portugal, Simplified Chinese, Swedish, Traditional Chinese, Korean, Bulgarian, Czech, Greek, Hungarian, Portuguese - Brazil, Romanian, Spanish - Latin America, Thai, Turkish, Ukrainian, Vietnamese",Action,433,"{'Zombies': 2146, 'Co-op': 1375, 'Multiplayer': 1223, 'FPS': 1172, 'Action': 1016, 'Horror': 869, 'Shooter': 815, 'Online Co-Op': 801, 'Survival': 661, 'Team-Based': 645, 'First-Person': 610, 'Post-apocalyptic': 544, 'Singleplayer': 429, 'Atmospheric': 328, 'Adventure': 311, 'Moddable': 311, 'Tactical': 286, 'Replay Value': 265, 'Competitive': 258, 'Female Protagonist': 231}"
550,Left 4 Dead 2,Valve,Valve,,828789,20977,0,"50,000,000 .. 100,000,000",1673,234,497,87,999,999,0,"English, Danish, Dutch, Finnish, French, German, Italian, Japanese, Korean, Norwegian, Polish, Portuguese - Portugal, Russian, Simplified Chinese, Spanish - Spain, Swedish, Traditional Chinese, Hungarian, Turkish, Bulgarian, Czech, Greek, Portuguese - Brazil, Romanian, Spanish - Latin America, Thai, Ukrainian, Vietnamese",Action,19300,"{'Zombies': 21012, 'Co-op': 11246, 'FPS': 9936, 'Multiplayer': 9274, 'Shooter': 6986, 'Online Co-Op': 6689, 'Action': 6610, 'Survival': 5643, 'Horror': 5376, 'First-Person': 4494, 'Gore': 4207, 'Team-Based': 3553, 'Moddable': 3015, 'Survival Horror': 2959, 'Post-apocalyptic': 2861, 'Singleplayer': 2399, 'Adventure': 2163, 'Local Co-Op': 2104, 'Replay Value': 2059, 'Tactical': 1977}"
570,Dota 2,Valve,Valve,,1820456,402016,0,"200,000,000 .. 500,000,000",41268,1554,894,1225,0,0,0,"English, Bulgarian, Czech, Danish, Dutch, Finnish, French, German, Greek, Hungarian, Italian, Japanese, Korean, Norwegian, Polish, Portuguese - Portugal, Portuguese - Brazil, Romanian, Russian, Simplified Chinese, Spanish - Spain, Swedish, Thai, Traditional Chinese, Turkish, Ukrainian, Spanish - Latin America, Vietnamese","Action, Strategy, Free to Play",726159,"{'Free to Play': 59515, 'MOBA': 19946, 'Multiplayer': 15139, 'Strategy': 14080, 'e-sports': 11608, 'Team-Based': 10811, 'Competitive': 8157, 'Action': 7832, 'Online Co-Op': 7350, 'PvP': 5930, 'Difficult': 5222, 'Co-op': 4219, 'RTS': 4030, 'RPG': 3707, 'Tower Defense': 3699, 'Fantasy': 3681, 'Character Customization': 2862, 'Replay Value': 2708, 'Action RPG': 2406, 'Simulation': 1929}"
620,Portal 2,Valve,Valve,,384869,4953,0,"10,000,000 .. 20,000,000",847,40,489,59,999,999,0,"English, French, German, Spanish - Spain, Czech, Danish, Dutch, Finnish, Hungarian, Italian, Japanese, Korean, Norwegian, Polish, Portuguese - Portugal, Romanian, Russian, Simplified Chinese, Swedish, Thai, Traditional Chinese, Turkish, Bulgarian, Greek, Portuguese - Brazil, Spanish - Latin America, Ukrainian","Action, Adventure",1812,"{'Platformer': 7373, 'Puzzle': 7201, 'First-Person': 6963, 'Dark Humor': 6963, 'Story Rich': 6929, 'Puzzle-Platformer': 6883, 'Funny': 6783, 'Female Protagonist': 6753, '3D Platformer': 6705, 'Action-Adventure': 6562, 'Action': 6527, 'FPS': 6513, 'Co-op': 5806, 'Physics': 5008, 'Sci-fi': 4859, 'Level Editor': 4835, 'Science': 4754, 'Comedy': 4731, 'Atmospheric': 4727, 'Adventure': 4675}"
630,Alien Swarm,Valve,Valve,,19909,1077,0,"2,000,000 .. 5,000,000",423,0,114,0,0,0,0,English,Action,614,"{'Free to Play': 3702, 'Co-op': 781, 'Action': 598, 'Multiplayer': 544, 'Online Co-Op': 474, 'Aliens': 468, 'Shooter': 454, 'Sci-fi': 399, 'Top-Down': 373, 'Top-Down Shooter': 348, 'Survival': 242, 'Class-Based': 209, 'PvE': 208, 'Third Person': 204, 'Team-Based': 203, 'Third-Person Shooter': 175, 'Moddable': 145, 'Singleplayer': 126, 'Strategy': 123, 'Adventure': 118}"
730,Counter-Strike: Global Offensive,Valve,Valve,,6993686,1020377,0,"100,000,000 .. 200,000,000",28665,688,5448,285,0,0,0,"English, Czech, Danish, Dutch, Finnish, French, German, Hungarian, Italian, Japanese, Korean, Norwegian, Polish, Portuguese - Portugal, Portuguese - Brazil, Romanian, Russian, Simplified Chinese, Spanish - Spain, Swedish, Thai, Traditional Chinese, Turkish, Bulgarian, Ukrainian, Greek, Spanish - Latin America, Vietnamese","Action, Free to Play",989346,"{'FPS': 90011, 'Shooter': 64730, 'Multiplayer': 61756, 'Competitive': 52850, 'Action': 47136, 'Team-Based': 46033, 'e-sports': 43119, 'Tactical': 41010, 'First-Person': 39058, 'PvP': 34128, 'Online Co-Op': 33689, 'Co-op': 30016, 'Strategy': 29889, 'Military': 28499, 'War': 27813, 'Difficult': 25800, 'Trading': 25470, 'Realistic': 25249, 'Fast-Paced': 25178, 'Moddable': 6440}"
1250,Killing Floor,Tripwire Interactive,Tripwire Interactive,,62193,3283,0,"2,000,000 .. 5,000,000",1321,0,276,0,1999,1999,0,"English, French, Italian, German, Spanish - Spain, Hungarian, Polish, Russian",Action,219,"{'FPS': 1710, 'Zombies': 1668, 'Co-op': 1561, 'Survival': 1235, 'Horror': 1091, 'Action': 1067, 'Multiplayer': 1062, 'Online Co-Op': 963, 'Violent': 864, 'Gore': 843, 'Shooter': 782, 'Team-Based': 584, 'First-Person': 515, 'Survival Horror': 414, 'Moddable': 375, 'Bullet Time': 320, 'Class-Based': 319, '3D': 316, 'Singleplayer': 314, 'Dark Comedy': 312}"
1840,Source Filmmaker,Valve,Valve,,34545,2558,0,"2,000,000 .. 5,000,000",1424,0,63,0,0,0,0,English,"Animation & Modeling, Video Production",1380,"{'Animation & Modeling': 736, 'Free to Play': 512, 'Video Production': 510, 'Software': 416, 'Movie': 316, 'Difficult': 220, 'Sandbox': 213, 'Funny': 175, 'Comedy': 140, 'Singleplayer': 133, 'Moddable': 123, 'Character Customization': 111, 'Memes': 92, 'Survival Horror': 75, 'Games Workshop': 57, 'Anime': 45, '3D': 40, 'Great Soundtrack': 36, 'Sexual Content': 21, 'Hentai': 16}"
2100,Dark Messiah of Might & Magic,Arkane Studios,Ubisoft,,8881,850,0,"1,000,000 .. 2,000,000",196,0,56,0,999,999,0,"English, French, German, Italian, Spanish - Spain","Action, RPG",46,"{'RPG': 514, 'First-Person': 455, 'Action': 410, 'Fantasy': 361, 'Swordplay': 248, 'Dark Fantasy': 247, 'Adventure': 236, 'Magic': 225, 'Classic': 182, 'Singleplayer': 158, 'Stealth': 143, 'Multiple Endings': 142, 'Medieval': 118, 'Action RPG': 118, 'Story Rich': 113, 'Atmospheric': 107, 'Gore': 95, 'Hack and Slash': 95, 'Immersive Sim': 91, 'Multiplayer': 70}"
2280,DOOM (1993),id Software,id Software,,16878,535,0,"1,000,000 .. 2,000,000",115,0,28,0,499,499,0,"English, French, Italian, German, Spanish - Spain",Action,81,"{'FPS': 514, 'Classic': 500, 'Action': 313, ""1990's"": 309, 'Retro': 278, 'Great Soundtrack': 271, 'Old School': 241, 'Demons': 232, 'Shooter': 226, 'First-Person': 209, 'Singleplayer': 208, 'Gore': 207, 'Moddable': 197, 'Fast-Paced': 171, 'Sci-fi': 165, 'Violent': 160, 'Boomer Shooter': 151, '2.5D': 133, 'Multiplayer': 128, 'Difficult': 109}"
2310,Quake,"id Software, Nightdive Studios, MachineGames",Bethesda Softworks,,12803,465,0,"1,000,000 .. 2,000,000",510,8,308,8,999,999,0,"English, French, Italian, German, Spanish - Spain, Russian",Action,98,"{'FPS': 441, 'Classic': 385, 'Action': 264, 'Shooter': 242, ""1990's"": 191, 'Singleplayer': 185, 'Multiplayer': 184, 'First-Person': 162, 'Gore': 161, 'Old School': 157, 'Retro': 140, 'Great Soundtrack': 129, 'Horror': 129, 'Fast-Paced': 124, 'Atmospheric': 114, 'Moddable': 112, 'Sci-fi': 108, 'Boomer Shooter': 95, 'Arena Shooter': 62, 'Co-op': 61}"
2400,The Ship: Murder Party,Outerlight Ltd.,Blazing Griffin,,5088,841,0,"1,000,000 .. 2,000,000",241,0,164,0,999,999,0,"English, French, German, Italian, Spanish - Spain, Polish, Russian, Japanese","Action, Indie, RPG",4,"{'Multiplayer': 383, 'Indie': 174, 'First-Person': 155, 'Action': 150, 'Stealth': 140, 'Mystery': 120, 'RPG': 120, 'Assassin': 109, 'Funny': 81, 'Survival': 62, 'FPS': 54, 'Simulation': 53, 'Singleplayer': 52, 'Comedy': 51, 'Shooter': 44, 'Adventure': 41, 'Strategy': 41, 'Difficult': 31, 'Stylized': 28, 'Replay Value': 28}"
2630,Call of Duty 2,Infinity Ward,Activision,,8755,602,0,"5,000,000 .. 10,000,000",472,0,447,0,1499,1999,25,"English, French, German, Italian, Spanish - Spain",Action,268,"{'Action': 227, 'World War II': 224, 'FPS': 218, 'Multiplayer': 192, 'Singleplayer': 181, 'Shooter': 147, 'War': 140, 'Classic': 131, 'First-Person': 114, 'Historical': 98, 'Military': 68, 'Atmospheric': 59, 'Story Rich': 29, 'Controller': 24, 'Co-op': 19, 'Adventure': 19, 'Online Co-Op': 12, 'Casual': 11, 'Simulation': 8, 'Zombies': 7}"
3590,Plants vs. Zombies GOTY Edition,"PopCap Games, Inc.","PopCap Games, Inc., Electronic Arts",,121303,3045,0,"5,000,000 .. 10,000,000",1302,312,623,317,499,499,0,English,Strategy,4061,"{'Tower Defense': 1342, 'Zombies': 1191, 'Strategy': 931, 'Singleplayer': 808, 'Casual': 691, 'Comedy': 465, 'Classic': 460, '2D': 456, 'Great Soundtrack': 448, 'Family Friendly': 395, 'Funny': 363, 'Puzzle': 308, 'Addictive': 305, 'Cute': 290, 'Survival': 278, 'Indie': 258, 'Tactical': 225, 'Adventure': 139, 'Touch-Friendly': 133, 'Post-apocalyptic': 100}"
3830,Psychonauts,Double Fine Productions,Double Fine Productions,,15849,808,0,"2,000,000 .. 5,000,000",311,0,129,0,999,999,0,"English, French, German",Action,56,"{'Platformer': 674, 'Comedy': 594, 'Adventure': 516, 'Cult Classic': 487, 'Singleplayer': 443, 'Action': 393, 'Funny': 356, 'Third Person': 315, '3D Platformer': 305, 'Classic': 270, 'Story Rich': 215, 'Psychological': 193, 'Great Soundtrack': 153, 'Surreal': 120, 'Cartoony': 111, 'Collectathon': 105, 'Exploration': 97, 'Action-Adventure': 71, '3D': 59, '3D Vision': 28}"
3900,Sid Meier's Civilization IV,Firaxis Games,2K,,2831,215,0,"1,000,000 .. 2,000,000",194,0,14,0,1999,1999,0,"English, French, German, Italian, Spanish - Spain",Strategy,702,"{'Strategy': 297, 'Turn-Based Strategy': 210, 'Turn-Based': 177, '4X': 149, 'Historical': 129, 'Multiplayer': 104, 'Singleplayer': 90, 'Moddable': 68, 'Grand Strategy': 62, 'Classic': 56, 'Addictive': 47, 'Replay Value': 41, 'Simulation': 40, 'Resource Management': 40, 'Great Soundtrack': 32, 'War': 31, 'Economy': 28, 'Tactical': 28, 'Management': 22, 'Local Multiplayer': 6}"
3910,Sid Meier's Civilization III Complete,Firaxis Games,2K,,5882,692,0,"1,000,000 .. 2,000,000",1132,0,19,0,499,499,0,English,Strategy,1497,"{'Strategy': 311, 'Turn-Based Strategy': 216, 'Turn-Based': 138, 'Classic': 134, '4X': 119, 'Historical': 118, 'Singleplayer': 93, 'Multiplayer': 75, 'Replay Value': 71, 'Simulation': 59, 'Grand Strategy': 58, 'Military': 57, 'Exploration': 53, 'Addictive': 44, 'City Builder': 32, 'Old School': 23, 'War': 17, 'Isometric': 10, 'Diplomacy': 10, 'Alternate History': 9}"
4000,Garry's Mod,Facepunch Studios,Valve,,1027444,34543,0,"20,000,000 .. 50,000,000",9136,336,1223,61,999,999,0,"English, French, Italian, German, Spanish - Spain, Bulgarian, Czech, Danish, Dutch, Finnish, Greek, Hungarian, Japanese, Korean, Norwegian, Polish, Portuguese - Portugal, Portuguese - Brazil, Russian, Simplified Chinese, Swedish, Thai, Traditional Chinese, Turkish, Ukrainian","Casual, Indie, Simulation",25897,"{'Sandbox': 18369, 'Moddable': 14248, 'Multiplayer': 14241, 'Physics': 14232, 'Building': 14215, 'Casual': 13055, 'Singleplayer': 12750, 'Funny': 12747, 'First-Person': 12743, 'Online Co-Op': 12728, 'Co-op': 12714, 'FPS': 12713, 'Simulation': 12711, 'Shooter': 12698, 'Action': 12696, 'Comedy': 12693, 'Indie': 12663, 'PvP': 8895, 'Realistic': 8876, 'Exploration': 8849}"
4500,S.T.A.L.K.E.R.: Shadow of Chernobyl,GSC Game World,GSC Game World,,37754,2152,0,"1,000,000 .. 2,000,000",550,0,153,0,1999,1999,0,"English, French, Italian, Spanish - Spain, German, Russian, Ukrainian, Polish, Traditional Chinese","Action, RPG",698,"{'Atmospheric': 1428, 'Post-apocalyptic': 1317, 'Open World': 1298, 'FPS': 1204, 'Survival': 970, 'Action': 726, 'RPG': 610, 'Shooter': 606, 'Survival Horror': 604, 'Horror': 565, 'First-Person': 533, 'Singleplayer': 525, 'Classic': 466, 'Based On A Novel': 392, 'Moddable': 388, 'Adventure': 383, 'Immersive': 333, 'Sci-fi': 330, 'Inventory Management': 292, 'Difficult': 267}"
4560,Company of Heroes - Legacy Edition,Relic Entertainment,SEGA,,6301,423,0,"2,000,000 .. 5,000,000",1043,0,81,0,1999,1999,0,"English, French, Spanish - Spain, Italian, German, Czech, Japanese, Korean, Polish, Russian, Traditional Chinese","Action, Strategy",92,"{'Strategy': 560, 'World War II': 464, 'RTS': 458, 'Multiplayer': 275, 'Military': 272, 'Action': 262, 'Tactical': 254, 'Singleplayer': 243, 'War': 195, 'Base-Building': 185, 'Historical': 153, 'Tanks': 143, 'Moddable': 99, 'Co-op': 97, 'Simulation': 69, 'Epic': 52, 'Classic': 39, 'Team-Based': 34, 'Addictive': 30, 'Adventure': 24}"
4570,"Warhammer 40,000: Dawn of War - Game of the Year Edition",Relic Entertainment,SEGA,,9217,456,0,"1,000,000 .. 2,000,000",267,464,85,464,1299,1299,0,"English, French, German, Italian, Spanish - Spain",Strategy,84,"{'Strategy': 382, 'Warhammer 40K': 309, 'RTS': 308, 'Base-Building': 202, 'Sci-fi': 165, 'Multiplayer': 158, 'Real-Time': 128, 'Games Workshop': 127, 'Tactical': 116, 'Singleplayer': 115, 'War': 79, 'Classic': 67, 'Action': 60, 'Gore': 40, 'Great Soundtrack': 29, 'Fantasy': 29, 'Epic': 28, 'Story Rich': 26, 'Futuristic': 26, 'Dark': 9}"
4580,"Warhammer 40,000: Dawn of War - Dark Crusade",Relic Entertainment,SEGA,,7736,271,0,"1,000,000 .. 2,000,000",1053,0,423,0,1299,1299,0,"English, French, German, Italian, Spanish - Spain",Strategy,287,"{'Strategy': 295, 'Warhammer 40K': 265, 'RTS': 222, 'Base-Building': 155, 'Sci-fi': 136, 'Multiplayer': 133, 'Singleplayer': 105, 'Games Workshop': 100, 'Real-Time': 86, 'Classic': 81, 'War': 67, 'Action': 48, 'Tactical': 46, 'Atmospheric': 38, 'Gore': 36, 'Co-op': 33, 'Fantasy': 28, 'Space': 23, 'Adventure': 17, 'Nostalgia': 7}"
4700,Total War: MEDIEVAL II â€“ Definitive Edition,"CREATIVE ASSEMBLY, Feral Interactive (Mac), Feral Interactive (Linux)","SEGA, Feral Interactive (Mac), Feral Interactive (Linux)",,29317,1306,0,"1,000,000 .. 2,000,000",11109,1336,621,1654,2499,2499,0,"English, French, Italian, German, Spanish - Spain, Czech, Hungarian, Polish, Russian",Strategy,3912,"{'Strategy': 679, 'Medieval': 486, 'Historical': 369, 'Turn-Based Strategy': 329, 'Grand Strategy': 304, 'War': 275, 'RTS': 261, 'Tactical': 225, 'Multiplayer': 196, 'Singleplayer': 196, 'Moddable': 157, 'Military': 152, 'Turn-Based': 144, 'Real Time Tactics': 139, 'Classic': 120, 'Simulation': 102, 'Action': 78, 'Sandbox': 71, 'Great Soundtrack': 62, '4X': 37}"
4760,Rome: Total War - Collection,CREATIVE ASSEMBLY,SEGA,,14714,849,0,"1,000,000 .. 2,000,000",1222,0,486,0,0,0,0,English,Strategy,911,"{'Strategy': 530, 'Historical': 324, 'Rome': 295, 'Turn-Based Strategy': 273, 'RTS': 236, 'Grand Strategy': 229, 'Classic': 205, 'Tactical': 188, 'War': 173, 'Great Soundtrack': 149, 'Multiplayer': 144, 'Singleplayer': 139, 'Turn-Based': 132, 'Moddable': 116, 'Real Time Tactics': 89, 'Action': 54, 'Atmospheric': 50, 'Simulation': 44, '4X': 38, 'Nostalgia': 21}"
4920,Natural Selection 2,Unknown Worlds Entertainment,Unknown Worlds Entertainment,,11043,1897,0,"1,000,000 .. 2,000,000",322,0,158,0,499,499,0,"English, French, German, Spanish - Spain, Polish, Russian, Finnish, Romanian, Swedish, Czech","Action, Indie, Strategy",113,"{'Multiplayer': 637, 'Strategy': 607, 'FPS': 595, 'Team-Based': 520, 'Action': 468, 'Sci-fi': 399, 'RTS': 386, 'Aliens': 335, 'Indie': 312, 'Competitive': 266, 'Shooter': 220, 'Co-op': 193, 'Tactical': 181, 'Moddable': 178, 'First-Person': 154, 'Space': 128, 'Futuristic': 121, 'Atmospheric': 117, 'Online Co-Op': 112, 'Adventure': 45}"
6000,STAR WARS Republic Commando,LucasArts,"LucasArts, Lucasfilm, Disney",,14243,630,0,"1,000,000 .. 2,000,000",327,0,116,0,999,999,0,"English, French, German, Spanish - Spain",Action,46,"{'FPS': 419, 'Action': 409, 'Tactical': 341, 'Sci-fi': 287, 'Singleplayer': 279, 'Shooter': 252, 'First-Person': 213, 'Classic': 209, 'Multiplayer': 191, 'Great Soundtrack': 170, 'Atmospheric': 153, 'Space': 148, 'Epic': 132, 'Adventure': 124, 'Team-Based': 123, 'War': 114, 'Co-op': 93, 'Strategy': 91, 'Dark': 60, 'Futuristic': 45}"
6020,STAR WARS Jedi Knight - Jedi Academy,Raven Software,"LucasArts, Lucasfilm, Disney",,12198,497,0,"1,000,000 .. 2,000,000",363,0,84,0,999,999,0,"English, French, German, Spanish - Spain",Action,99,"{'Action': 249, 'Sci-fi': 163, 'Third Person': 152, 'Multiplayer': 150, 'Classic': 137, 'Singleplayer': 127, 'Swordplay': 123, 'Character Customization': 118, 'Moddable': 117, 'FPS': 112, 'Adventure': 108, 'Shooter': 104, 'First-Person': 76, 'RPG': 75, 'Third-Person Shooter': 60, 'Great Soundtrack': 53, 'Hack and Slash': 47, 'Fighting': 40, 'Female Protagonist': 36, 'Story Rich': 21}"
6060,"STAR WARS Battlefront II (Classic, 2005)",Pandemic Studios,"Lucasfilm, LucasArts, Disney",,49269,2841,0,"2,000,000 .. 5,000,000",321,0,162,0,999,999,0,English,Action,206,"{'Action': 863, 'Multiplayer': 790, 'Shooter': 725, 'Classic': 717, 'Third-Person Shooter': 716, 'Sci-fi': 707, 'Space': 690, 'FPS': 629, 'First-Person': 490, 'Singleplayer': 441, 'Moddable': 388, 'Third Person': 369, 'Military': 356, 'Co-op': 272, 'Tactical': 260, 'Great Soundtrack': 250, 'Strategy': 240, 'Adventure': 200, 'Addictive': 173, 'Epic': 168}"
6850,Hitman 2: Silent Assassin,Io-Interactive A/S,Io-Interactive A/S,,2985,582,0,"1,000,000 .. 2,000,000",246,0,18,0,179,899,80,English,Action,32,"{'Stealth': 202, 'Action': 143, 'Third Person': 90, 'Assassin': 85, 'Singleplayer': 77, 'Classic': 76, 'Shooter': 57, 'Sandbox': 44, 'Great Soundtrack': 40, 'Old School': 34, 'Difficult': 28, 'Gore': 23, 'Adventure': 22, 'First-Person': 21, 'FPS': 19, 'Crime': 18, 'Third-Person Shooter': 14, 'Atmospheric': 14, 'Tactical': 14, 'Story Rich': 10}"
